技术,后端开发,Java
技术,后端开发,Python
技术,后端开发,PHP
技术,后端开发,.NET
技术,后端开发,C#
技术,后端开发,C++
技术,后端开发,C
技术,后端开发,VB
技术,后端开发,Delphi
技术,后端开发,Perl
技术,后端开发,Ruby
技术,后端开发,Hadoop
技术,后端开发,Node.js
技术,后端开发,数据挖掘
技术,后端开发,自然语言处理
技术,后端开发,搜索算法
技术,后端开发,精准推荐
技术,后端开发,全栈工程师
技术,后端开发,Go
技术,后端开发,ASP
技术,后端开发,Shell
技术,后端开发,后端开发其它
技术,移动开发,HTML5
技术,移动开发,Android
技术,移动开发,iOS
技术,移动开发,WP
技术,移动开发,移动开发其它
技术,前端开发,web前端
技术,前端开发,Flash
技术,前端开发,html5
技术,前端开发,JavaScript
技术,前端开发,U3D
技术,前端开发,COCOS2D-X
技术,前端开发,前端开发其它
技术,测试,测试工程师
技术,测试,自动化测试
技术,测试,功能测试
技术,测试,性能测试
技术,测试,测试开发
技术,测试,游戏测试
技术,测试,白盒测试
技术,测试,灰盒测试
技术,测试,黑盒测试
技术,测试,手机测试
技术,测试,硬件测试
技术,测试,测试经理
技术,测试,测试其它
技术,运维,运维工程师
技术,运维,运维开发工程师
技术,运维,网络工程师
技术,运维,系统工程师
技术,运维,IT支持
技术,运维,IDC
技术,运维,CDN
技术,运维,F5
技术,运维,系统管理员
技术,运维,病毒分析
技术,运维,WEB安全
技术,运维,网络安全
技术,运维,系统安全
技术,运维,运维经理
技术,运维,运维其它
技术,DBA,MySQL
技术,DBA,SQLServer
技术,DBA,Oracle
技术,DBA,DB2
技术,DBA,MongoDB
技术,DBA,ETL
技术,DBA,Hive
技术,DBA,数据仓库
技术,DBA,DBA其它
技术,高端职位,技术经理
技术,高端职位,技术总监
技术,高端职位,架构师
技术,高端职位,CTO
技术,高端职位,运维总监
技术,高端职位,技术合伙人
技术,高端职位,项目总监
技术,高端职位,测试总监
技术,高端职位,安全专家
技术,高端职位,高端技术职位其它
技术,项目管理,项目经理
技术,项目管理,项目助理
技术,硬件开发,硬件
技术,硬件开发,嵌入式
技术,硬件开发,自动化
技术,硬件开发,单片机
技术,硬件开发,电路设计
技术,硬件开发,驱动开发
技术,硬件开发,系统集成
技术,硬件开发,FPGA开发
技术,硬件开发,DSP开发
技术,硬件开发,ARM开发
技术,硬件开发,PCB工艺
技术,硬件开发,模具设计
技术,硬件开发,热传导
技术,硬件开发,材料工程师
技术,硬件开发,精益工程师
技术,硬件开发,射频工程师
技术,硬件开发,硬件开发其它
技术,企业软件,实施工程师
技术,企业软件,售前工程师
技术,企业软件,售后工程师
技术,企业软件,BI工程师
技术,企业软件,企业软件其它
产品,产品经理,产品经理
产品,产品经理,网页产品经理
产品,产品经理,移动产品经理
产品,产品经理,产品助理
产品,产品经理,数据产品经理
产品,产品经理,电商产品经理
产品,产品经理,游戏策划
产品,产品经理,产品实习生
产品,产品设计师,网页产品设计师
产品,产品设计师,无线产品设计师
产品,高端职位,产品部经理
产品,高端职位,产品总监
产品,高端职位,游戏制作人
设计,视觉设计,网页设计师
设计,视觉设计,Flash设计师
设计,视觉设计,APP设计师
设计,视觉设计,UI设计师
设计,视觉设计,平面设计师
设计,视觉设计,美术设计师（2D/3D）
设计,视觉设计,广告设计师
设计,视觉设计,多媒体设计师
设计,视觉设计,原画师
设计,视觉设计,游戏特效
设计,视觉设计,游戏界面设计师
设计,视觉设计,视觉设计师
设计,视觉设计,游戏场景
设计,视觉设计,游戏角色
设计,视觉设计,游戏动作
设计,用户研究,数据分析师
设计,用户研究,用户研究员
设计,用户研究,游戏数值策划
设计,高端职位,设计经理/主管
设计,高端职位,设计总监
设计,高端职位,视觉设计经理/主管
设计,高端职位,视觉设计总监
设计,高端职位,交互设计经理/主管
设计,高端职位,交互设计总监
设计,高端职位,用户研究经理/主管
设计,高端职位,用户研究总监
设计,交互设计,网页交互设计师
设计,交互设计,交互设计师
设计,交互设计,无线交互设计师
设计,交互设计,硬件交互设计师
运营,运营,内容运营
运营,运营,产品运营
运营,运营,数据运营
运营,运营,用户运营
运营,运营,活动运营
运营,运营,商家运营
运营,运营,品类运营
运营,运营,游戏运营
运营,运营,网络推广
运营,运营,运营专员
运营,运营,网店运营
运营,运营,新媒体运营
运营,运营,海外运营
运营,运营,运营经理
运营,编辑,副主编
运营,编辑,内容编辑
运营,编辑,文案策划
运营,编辑,记者
运营,客服,售前咨询
运营,客服,售后客服
运营,客服,淘宝客服
运营,客服,客服经理
运营,高端职位,主编
运营,高端职位,运营总监
运营,高端职位,COO
运营,高端职位,客服总监
市场与销售,市场/营销,市场策划
市场与销售,市场/营销,市场顾问
市场与销售,市场/营销,市场营销
市场与销售,市场/营销,市场推广
市场与销售,市场/营销,SEO
市场与销售,市场/营销,SEM
市场与销售,市场/营销,商务渠道
市场与销售,市场/营销,商业数据分析
市场与销售,市场/营销,活动策划
市场与销售,市场/营销,网络营销
市场与销售,市场/营销,海外市场
市场与销售,市场/营销,政府关系
市场与销售,公关,媒介经理
市场与销售,公关,广告协调
市场与销售,公关,品牌公关
市场与销售,销售,销售专员
市场与销售,销售,销售经理
市场与销售,销售,客户代表
市场与销售,销售,大客户代表
市场与销售,销售,BD经理
市场与销售,销售,商务渠道
市场与销售,销售,渠道销售
市场与销售,销售,代理商销售
市场与销售,销售,销售助理
市场与销售,销售,电话销售
市场与销售,销售,销售顾问
市场与销售,销售,商品经理
市场与销售,高端职位,市场总监
市场与销售,高端职位,销售总监
市场与销售,高端职位,商务总监
市场与销售,高端职位,CMO
市场与销售,高端职位,公关总监
市场与销售,高端职位,采购总监
市场与销售,高端职位,投资总监
市场与销售,供应链,物流
市场与销售,供应链,仓储
市场与销售,采购,采购专员
市场与销售,采购,采购经理
市场与销售,采购,商品经理
市场与销售,投资,分析师
市场与销售,投资,投资顾问
市场与销售,投资,投资经理
职能,人力资源,人事/HR
职能,人力资源,培训经理
职能,人力资源,薪资福利经理
职能,人力资源,绩效考核经理
职能,人力资源,人力资源
职能,人力资源,招聘
职能,人力资源,HRBP
职能,人力资源,员工关系
职能,行政,助理
职能,行政,前台
职能,行政,行政
职能,行政,总助
职能,行政,文秘
职能,财务,会计
职能,财务,出纳
职能,财务,财务
职能,财务,结算
职能,财务,税务
职能,财务,审计
职能,财务,风控
职能,高端职位,行政总监/经理
职能,高端职位,财务总监/经理
职能,高端职位,HRD/HRM
职能,高端职位,CFO
职能,高端职位,CEO
职能,法务,法务
职能,法务,律师
职能,法务,专利
金融,投融资,投资经理
金融,投融资,分析师
金融,投融资,投资助理
金融,投融资,融资
金融,投融资,并购
金融,投融资,行业研究
金融,投融资,投资者关系
金融,投融资,资产管理
金融,投融资,理财顾问
金融,投融资,交易员
金融,风控,风控
金融,风控,资信评估
金融,风控,合规稽查
金融,风控,律师
金融,审计税务,审计
金融,审计税务,法务
金融,审计税务,会计
金融,审计税务,清算
金融,高端职位,投资总监
金融,高端职位,融资总监
金融,高端职位,并购总监
金融,高端职位,风控总监
金融,高端职位,副总裁
